{
	"credit": "Made with Blockbench",
	"parent": "carrot_on_a_stick",
	"textures": {
		"particle": "block/woodstick",
		"1_0": "block/woodstick",
		"1_1": "block/energy_output",
		"1_2": "block/energy_makers"
	},
	"elements": [
		{
			"from": [7, -5, 7],
			"to": [9, 8, 9],
			"rotation": {"angle": 0, "axis": "y", "origin": [15, 8, 15]},
			"faces": {
				"north": {"uv": [0, 0, 2, 13], "texture": "#1_0"},
				"east": {"uv": [0, 0, 2, 13], "texture": "#1_0"},
				"south": {"uv": [0, 0, 2, 13], "texture": "#1_0"},
				"west": {"uv": [0, 0, 2, 13], "texture": "#1_0"},
				"up": {"uv": [0, 0, 2, 2], "texture": "#1_0"},
				"down": {"uv": [0, 0, 2, 2], "texture": "#1_0"}
			}
		},
		{
			"from": [6, 8, 6],
			"to": [10, 12, 10],
			"rotation": {"angle": 0, "axis": "y", "origin": [14, 17, 14]},
			"faces": {
				"north": {"uv": [0, 0, 4, 4], "texture": "#1_1"},
				"east": {"uv": [0, 0, 2, 13], "texture": "#1_1"},
				"south": {"uv": [0, 0, 2, 13], "texture": "#1_1"},
				"west": {"uv": [0, 0, 4, 4], "texture": "#1_1"},
				"up": {"uv": [0, 0, 4, 4], "texture": "#1_1"},
				"down": {"uv": [0, 0, 4, 4], "texture": "#1_1"}
			}
		},
		{
			"from": [5, 10, 5],
			"to": [6, 11, 11],
			"rotation": {"angle": 0, "axis": "y", "origin": [13, 18, 13]},
			"faces": {
				"north": {"uv": [0, 0, 1, 1], "texture": "#1_2"},
				"east": {"uv": [0, 0, 2, 13], "texture": "#1_2"},
				"south": {"uv": [0, 0, 2, 13], "texture": "#1_2"},
				"west": {"uv": [0, 0, 6, 1], "texture": "#1_2"},
				"up": {"uv": [0, 0, 1, 6], "texture": "#1_2"},
				"down": {"uv": [0, 0, 1, 6], "texture": "#1_2"}
			}
		},
		{
			"from": [10, 10, 5],
			"to": [11, 11, 11],
			"rotation": {"angle": 0, "axis": "y", "origin": [18, 18, 13]},
			"faces": {
				"north": {"uv": [0, 0, 1, 1], "texture": "#1_2"},
				"east": {"uv": [0, 0, 2, 13], "texture": "#1_2"},
				"south": {"uv": [0, 0, 2, 13], "texture": "#1_2"},
				"west": {"uv": [0, 0, 6, 1], "texture": "#1_2"},
				"up": {"uv": [0, 0, 1, 6], "texture": "#1_2"},
				"down": {"uv": [0, 0, 1, 6], "texture": "#1_2"}
			}
		},
		{
			"from": [11, 10, 6],
			"to": [12, 11, 10],
			"rotation": {"angle": 0, "axis": "y", "origin": [19, 18, 14]},
			"faces": {
				"north": {"uv": [0, 0, 1, 1], "texture": "#1_2"},
				"east": {"uv": [0, 0, 2, 13], "texture": "#1_2"},
				"south": {"uv": [0, 0, 2, 13], "texture": "#1_2"},
				"west": {"uv": [0, 0, 4, 1], "texture": "#1_2"},
				"up": {"uv": [0, 0, 1, 4], "texture": "#1_2"},
				"down": {"uv": [0, 0, 1, 4], "texture": "#1_2"}
			}
		},
		{
			"from": [4, 10, 6],
			"to": [5, 11, 10],
			"rotation": {"angle": 0, "axis": "y", "origin": [12, 18, 14]},
			"faces": {
				"north": {"uv": [0, 0, 1, 1], "texture": "#1_2"},
				"east": {"uv": [0, 0, 2, 13], "texture": "#1_2"},
				"south": {"uv": [0, 0, 2, 13], "texture": "#1_2"},
				"west": {"uv": [0, 0, 4, 1], "texture": "#1_2"},
				"up": {"uv": [0, 0, 1, 4], "texture": "#1_2"},
				"down": {"uv": [0, 0, 1, 4], "texture": "#1_2"}
			}
		},
		{
			"from": [5, 11, 4],
			"to": [6, 12, 12],
			"rotation": {"angle": 0, "axis": "y", "origin": [13, 19, 12]},
			"faces": {
				"north": {"uv": [0, 0, 1, 1], "texture": "#1_2"},
				"east": {"uv": [0, 0, 2, 13], "texture": "#1_2"},
				"south": {"uv": [0, 0, 2, 13], "texture": "#1_2"},
				"west": {"uv": [0, 0, 8, 1], "texture": "#1_2"},
				"up": {"uv": [0, 0, 1, 8], "texture": "#1_2"},
				"down": {"uv": [0, 0, 1, 8], "texture": "#1_2"}
			}
		},
		{
			"from": [10, 11, 4],
			"to": [11, 12, 12],
			"rotation": {"angle": 0, "axis": "y", "origin": [18, 19, 12]},
			"faces": {
				"north": {"uv": [0, 0, 1, 1], "texture": "#1_2"},
				"east": {"uv": [0, 0, 2, 13], "texture": "#1_2"},
				"south": {"uv": [0, 0, 2, 13], "texture": "#1_2"},
				"west": {"uv": [0, 0, 8, 1], "texture": "#1_2"},
				"up": {"uv": [0, 0, 1, 8], "texture": "#1_2"},
				"down": {"uv": [0, 0, 1, 8], "texture": "#1_2"}
			}
		},
		{
			"from": [11, 11, 5],
			"to": [12, 12, 11],
			"rotation": {"angle": 0, "axis": "y", "origin": [19, 19, 13]},
			"faces": {
				"north": {"uv": [0, 0, 1, 1], "texture": "#1_2"},
				"east": {"uv": [0, 0, 2, 13], "texture": "#1_2"},
				"south": {"uv": [0, 0, 2, 13], "texture": "#1_2"},
				"west": {"uv": [0, 0, 6, 1], "texture": "#1_2"},
				"up": {"uv": [0, 0, 1, 6], "texture": "#1_2"},
				"down": {"uv": [0, 0, 1, 6], "texture": "#1_2"}
			}
		},
		{
			"from": [4, 11, 5],
			"to": [5, 12, 11],
			"rotation": {"angle": 0, "axis": "y", "origin": [12, 19, 13]},
			"faces": {
				"north": {"uv": [0, 0, 1, 1], "texture": "#1_2"},
				"east": {"uv": [0, 0, 2, 13], "texture": "#1_2"},
				"south": {"uv": [0, 0, 2, 13], "texture": "#1_2"},
				"west": {"uv": [0, 0, 6, 1], "texture": "#1_2"},
				"up": {"uv": [0, 0, 1, 6], "texture": "#1_2"},
				"down": {"uv": [0, 0, 1, 6], "texture": "#1_2"}
			}
		},
		{
			"from": [5, 12, 4],
			"to": [6, 13, 12],
			"rotation": {"angle": 0, "axis": "y", "origin": [13, 20, 12]},
			"faces": {
				"north": {"uv": [0, 0, 1, 1], "texture": "#1_2"},
				"east": {"uv": [0, 0, 2, 13], "texture": "#1_2"},
				"south": {"uv": [0, 0, 2, 13], "texture": "#1_2"},
				"west": {"uv": [0, 0, 8, 1], "texture": "#1_2"},
				"up": {"uv": [0, 0, 1, 8], "texture": "#1_2"},
				"down": {"uv": [0, 0, 1, 8], "texture": "#1_2"}
			}
		},
		{
			"from": [10, 12, 4],
			"to": [11, 13, 12],
			"rotation": {"angle": 0, "axis": "y", "origin": [18, 20, 12]},
			"faces": {
				"north": {"uv": [0, 0, 1, 1], "texture": "#1_2"},
				"east": {"uv": [0, 0, 2, 13], "texture": "#1_2"},
				"south": {"uv": [0, 0, 2, 13], "texture": "#1_2"},
				"west": {"uv": [0, 0, 8, 1], "texture": "#1_2"},
				"up": {"uv": [0, 0, 1, 8], "texture": "#1_2"},
				"down": {"uv": [0, 0, 1, 8], "texture": "#1_2"}
			}
		},
		{
			"from": [11, 12, 5],
			"to": [12, 13, 11],
			"rotation": {"angle": 0, "axis": "y", "origin": [19, 20, 13]},
			"faces": {
				"north": {"uv": [0, 0, 1, 1], "texture": "#1_2"},
				"east": {"uv": [0, 0, 2, 13], "texture": "#1_2"},
				"south": {"uv": [0, 0, 2, 13], "texture": "#1_2"},
				"west": {"uv": [0, 0, 6, 1], "texture": "#1_2"},
				"up": {"uv": [0, 0, 1, 6], "texture": "#1_2"},
				"down": {"uv": [0, 0, 1, 6], "texture": "#1_2"}
			}
		},
		{
			"from": [4, 12, 5],
			"to": [5, 13, 11],
			"rotation": {"angle": 0, "axis": "y", "origin": [12, 20, 13]},
			"faces": {
				"north": {"uv": [0, 0, 1, 1], "texture": "#1_2"},
				"east": {"uv": [0, 0, 2, 13], "texture": "#1_2"},
				"south": {"uv": [0, 0, 2, 13], "texture": "#1_2"},
				"west": {"uv": [0, 0, 6, 1], "texture": "#1_2"},
				"up": {"uv": [0, 0, 1, 6], "texture": "#1_2"},
				"down": {"uv": [0, 0, 1, 6], "texture": "#1_2"}
			}
		},
		{
			"from": [5, 13, 4],
			"to": [6, 14, 7],
			"rotation": {"angle": 0, "axis": "y", "origin": [13, 21, 12]},
			"faces": {
				"north": {"uv": [0, 0, 1, 1], "texture": "#1_2"},
				"east": {"uv": [0, 0, 2, 13], "texture": "#1_2"},
				"south": {"uv": [0, 0, 2, 13], "texture": "#1_2"},
				"west": {"uv": [0, 0, 3, 1], "texture": "#1_2"},
				"up": {"uv": [0, 0, 1, 3], "texture": "#1_2"},
				"down": {"uv": [0, 0, 1, 3], "texture": "#1_2"}
			}
		},
		{
			"from": [10, 13, 4],
			"to": [11, 14, 7],
			"rotation": {"angle": 0, "axis": "y", "origin": [18, 21, 12]},
			"faces": {
				"north": {"uv": [0, 0, 1, 1], "texture": "#1_2"},
				"east": {"uv": [0, 0, 2, 13], "texture": "#1_2"},
				"south": {"uv": [0, 0, 2, 13], "texture": "#1_2"},
				"west": {"uv": [0, 0, 3, 1], "texture": "#1_2"},
				"up": {"uv": [0, 0, 1, 3], "texture": "#1_2"},
				"down": {"uv": [0, 0, 1, 3], "texture": "#1_2"}
			}
		},
		{
			"from": [11, 13, 5],
			"to": [12, 14, 6],
			"rotation": {"angle": 0, "axis": "y", "origin": [19, 21, 13]},
			"faces": {
				"north": {"uv": [0, 0, 1, 1], "texture": "#1_2"},
				"east": {"uv": [0, 0, 2, 13], "texture": "#1_2"},
				"south": {"uv": [0, 0, 2, 13], "texture": "#1_2"},
				"west": {"uv": [0, 0, 1, 1], "texture": "#1_2"},
				"up": {"uv": [0, 0, 1, 1], "texture": "#1_2"},
				"down": {"uv": [0, 0, 1, 1], "texture": "#1_2"}
			}
		},
		{
			"from": [4, 13, 5],
			"to": [5, 14, 6],
			"rotation": {"angle": 0, "axis": "y", "origin": [12, 21, 13]},
			"faces": {
				"north": {"uv": [0, 0, 1, 1], "texture": "#1_2"},
				"east": {"uv": [0, 0, 2, 13], "texture": "#1_2"},
				"south": {"uv": [0, 0, 2, 13], "texture": "#1_2"},
				"west": {"uv": [0, 0, 1, 1], "texture": "#1_2"},
				"up": {"uv": [0, 0, 1, 1], "texture": "#1_2"},
				"down": {"uv": [0, 0, 1, 1], "texture": "#1_2"}
			}
		},
		{
			"from": [5, 13, 9],
			"to": [6, 14, 12],
			"rotation": {"angle": 0, "axis": "y", "origin": [13, 21, 17]},
			"faces": {
				"north": {"uv": [0, 0, 1, 1], "texture": "#1_2"},
				"east": {"uv": [0, 0, 2, 13], "texture": "#1_2"},
				"south": {"uv": [0, 0, 2, 13], "texture": "#1_2"},
				"west": {"uv": [0, 0, 3, 1], "texture": "#1_2"},
				"up": {"uv": [0, 0, 1, 3], "texture": "#1_2"},
				"down": {"uv": [0, 0, 1, 3], "texture": "#1_2"}
			}
		},
		{
			"from": [10, 13, 9],
			"to": [11, 14, 12],
			"rotation": {"angle": 0, "axis": "y", "origin": [18, 21, 17]},
			"faces": {
				"north": {"uv": [0, 0, 1, 1], "texture": "#1_2"},
				"east": {"uv": [0, 0, 2, 13], "texture": "#1_2"},
				"south": {"uv": [0, 0, 2, 13], "texture": "#1_2"},
				"west": {"uv": [0, 0, 3, 1], "texture": "#1_2"},
				"up": {"uv": [0, 0, 1, 3], "texture": "#1_2"},
				"down": {"uv": [0, 0, 1, 3], "texture": "#1_2"}
			}
		},
		{
			"from": [11, 13, 10],
			"to": [12, 14, 11],
			"rotation": {"angle": 0, "axis": "y", "origin": [19, 21, 18]},
			"faces": {
				"north": {"uv": [0, 0, 1, 1], "texture": "#1_2"},
				"east": {"uv": [0, 0, 2, 13], "texture": "#1_2"},
				"south": {"uv": [0, 0, 2, 13], "texture": "#1_2"},
				"west": {"uv": [0, 0, 1, 1], "texture": "#1_2"},
				"up": {"uv": [0, 0, 1, 1], "texture": "#1_2"},
				"down": {"uv": [0, 0, 1, 1], "texture": "#1_2"}
			}
		},
		{
			"from": [4, 13, 10],
			"to": [5, 14, 11],
			"rotation": {"angle": 0, "axis": "y", "origin": [12, 21, 18]},
			"faces": {
				"north": {"uv": [0, 0, 1, 1], "texture": "#1_2"},
				"east": {"uv": [0, 0, 2, 13], "texture": "#1_2"},
				"south": {"uv": [0, 0, 2, 13], "texture": "#1_2"},
				"west": {"uv": [0, 0, 1, 1], "texture": "#1_2"},
				"up": {"uv": [0, 0, 1, 1], "texture": "#1_2"},
				"down": {"uv": [0, 0, 1, 1], "texture": "#1_2"}
			}
		},
		{
			"from": [5, 14, 9],
			"to": [6, 15, 11],
			"rotation": {"angle": 0, "axis": "y", "origin": [13, 22, 17]},
			"faces": {
				"north": {"uv": [0, 0, 1, 1], "texture": "#1_2"},
				"east": {"uv": [0, 0, 2, 13], "texture": "#1_2"},
				"south": {"uv": [0, 0, 2, 13], "texture": "#1_2"},
				"west": {"uv": [0, 0, 2, 1], "texture": "#1_2"},
				"up": {"uv": [0, 0, 1, 2], "texture": "#1_2"},
				"down": {"uv": [0, 0, 1, 2], "texture": "#1_2"}
			}
		},
		{
			"from": [10, 14, 9],
			"to": [11, 15, 11],
			"rotation": {"angle": 0, "axis": "y", "origin": [18, 22, 17]},
			"faces": {
				"north": {"uv": [0, 0, 1, 1], "texture": "#1_2"},
				"east": {"uv": [0, 0, 2, 13], "texture": "#1_2"},
				"south": {"uv": [0, 0, 2, 13], "texture": "#1_2"},
				"west": {"uv": [0, 0, 2, 1], "texture": "#1_2"},
				"up": {"uv": [0, 0, 1, 2], "texture": "#1_2"},
				"down": {"uv": [0, 0, 1, 2], "texture": "#1_2"}
			}
		},
		{
			"from": [5, 14, 5],
			"to": [6, 15, 7],
			"rotation": {"angle": 0, "axis": "y", "origin": [13, 22, 13]},
			"faces": {
				"north": {"uv": [0, 0, 1, 1], "texture": "#1_2"},
				"east": {"uv": [0, 0, 2, 13], "texture": "#1_2"},
				"south": {"uv": [0, 0, 2, 13], "texture": "#1_2"},
				"west": {"uv": [0, 0, 2, 1], "texture": "#1_2"},
				"up": {"uv": [0, 0, 1, 2], "texture": "#1_2"},
				"down": {"uv": [0, 0, 1, 2], "texture": "#1_2"}
			}
		},
		{
			"from": [10, 14, 5],
			"to": [11, 15, 7],
			"rotation": {"angle": 0, "axis": "y", "origin": [18, 22, 13]},
			"faces": {
				"north": {"uv": [0, 0, 1, 1], "texture": "#1_2"},
				"east": {"uv": [0, 0, 2, 13], "texture": "#1_2"},
				"south": {"uv": [0, 0, 2, 13], "texture": "#1_2"},
				"west": {"uv": [0, 0, 2, 1], "texture": "#1_2"},
				"up": {"uv": [0, 0, 1, 2], "texture": "#1_2"},
				"down": {"uv": [0, 0, 1, 2], "texture": "#1_2"}
			}
		}
	],
	"display": {
		"thirdperson_righthand": {
			"rotation": [23, 0, 0],
			"translation": [0, 6, 5]
		},
		"thirdperson_lefthand": {
			"rotation": [23, 0, 0],
			"translation": [0, 3.75, 4]
		},
		"firstperson_righthand": {
			"rotation": [-13, -3, 0],
			"translation": [-1, 1.25, 0]
		},
		"firstperson_lefthand": {
			"rotation": [-13, -3, 0],
			"translation": [-1, 1.25, 0]
		},
		"ground": {
			"rotation": [62, 0, 0],
			"translation": [0, 4, 0],
			"scale": [0.91, 0.91, 0.91]
		},
		"gui": {
			"rotation": [0, 26, 37],
			"translation": [-1, 1.5, 0],
			"scale": [1, 0.81, 1]
		},
		"head": {
			"translation": [0, 10.5, 0]
		},
		"fixed": {
			"translation": [0, 3, 0],
			"scale": [1.06, 0.93, 1]
		}
	},
	"groups": [
		{
			"name": "mystictool",
			"origin": [8, 8, 8],
			"children": [0, 1, 2, 3, 4, 5, 6, 7, 8, 9, 10, 11, 12, 13, 14, 15, 16, 17, 18, 19, 20, 21, 22, 23, 24, 25]
		}
	]
}